{"output_builtin":{"pages":{},"attributes":{}},"range_check_builtin":null,"pedersen_builtin":[[3,2],[3,5],[3,8],[3,11],[3,14],[3,17],[3,20],[3,23],[3,26],[3,29],[3,32],[3,35],[3,38],[3,41],[3,44],[3,47],[3,50],[3,53],[3,56],[3,59],[3,62],[3,65],[3,68],[3,71],[3,74],[3,77],[3,80],[3,83],[3,86],[3,89],[3,92],[3,95],[3,98]],"ecdsa_builtin":[],"keccak_builtin":null,"bitwise_builtin":null,"ec_op_builtin":null,"poseidon_builtin":null,"range_check96_builtin":null,"add_mod_builtin":null,"mul_mod_builtin":null}